date,fighter_a,fighter_b,predicted_prob,market_prob,bet_on,odds,stake,profit,result,clv,edge,kelly_fraction,confidence_percentile
2024-05-26,Fighter_A,Fighter_B,0.894883177950539,0.44083292655386547,fighter_a,2.2684330950896197,50.0,63.42165475448098,win,0.00366213489467221,0.9705313995387672,0.05,89.48831779505389
2024-05-27,Fighter_A,Fighter_B,0.8651235793426487,0.5777482538144186,fighter_a,1.7308576761552876,53.171082737724056,38.86049396835353,win,0.03481984025777275,0.4651566977366235,0.05,86.51235793426487
2024-05-28,Fighter_A,Fighter_B,0.9692610987148349,0.6571964933385268,fighter_b,1.5216149357706517,55.11410743614173,28.748341610359862,win,0.008437562749560328,0.4203828448199316,0.05,96.92610987148349
2024-05-29,Fighter_A,Fighter_B,0.9223801151983043,0.707706704388764,fighter_b,1.4130147330788472,56.551524516659725,23.356612803450098,win,-0.007500419411114588,0.2512603933629569,0.05,92.23801151983042
2024-05-30,Fighter_A,Fighter_B,0.9587911053546874,0.6825647364959182,fighter_b,1.4650625010804086,57.71935515683223,26.843107669984775,win,-0.03551652004132679,0.3506819520492326,0.05,95.87911053546874
2024-05-31,Fighter_A,Fighter_B,0.9720333333333332,0.2631214743914295,fighter_a,3.800525982582333,59.061510540331476,165.40329483875863,win,-0.04259161898197151,2.548885548086676,0.05,97.20333333333332
2024-06-01,Fighter_A,Fighter_B,0.8964741714614343,0.5723411724484887,fighter_a,1.7472096157646269,67.33167528226942,50.310875216453155,win,0.03161167563020915,0.5321154507249366,0.05,89.64741714614343
2024-06-02,Fighter_A,Fighter_B,0.954102348757767,0.5651799363218362,fighter_a,1.7693480177444938,69.84721904309207,53.73681951576834,win,0.04867745348137696,0.6505812881950852,0.05,95.4102348757767
2024-06-03,Fighter_A,Fighter_B,0.9783953414424174,0.2793000829268334,fighter_b,3.5803784571806383,72.53406001888048,187.16532588456664,win,-0.020342478939357027,2.4531013954095213,0.05,97.83953414424174
2024-06-04,Fighter_A,Fighter_B,0.9267106945432592,0.40694908873771235,fighter_b,2.457309839670195,81.89232631310881,119.3424929295759,win,-0.02246782872171024,1.2273199730930697,0.05,92.67106945432592
2024-06-05,Fighter_A,Fighter_B,0.8892663826689009,0.28069786133873675,fighter_a,3.5625494089291743,87.8594509595876,225.144184125333,win,-0.04849884229867881,2.046557922126459,0.05,88.92663826689008
2024-06-06,Fighter_A,Fighter_B,0.621075740925741,0.4560870478942787,fighter_a,2.1925639077385086,99.11666016585426,-99.11666016585426,loss,-0.04849736823821475,0.32304311403048924,0.05,62.107574092574104
2024-06-07,Fighter_A,Fighter_B,0.983163331516859,0.6955882481515202,fighter_b,1.4376321087330528,94.16082715756154,41.207801349012165,win,0.03728306604585709,0.35797979762036225,0.05,98.31633315168591
2024-06-08,Fighter_A,Fighter_B,0.8525616544480691,0.7529685345412734,fighter_a,1.3280767444143255,96.22121722501215,31.567943690765613,win,0.03080091817240845,0.11911204565243239,0.05,85.25616544480691
2024-06-09,Fighter_A,Fighter_B,0.9222927775541135,0.5600088071389667,fighter_a,1.7856862021669047,97.79961440955043,76.83980761882736,win,-0.0410173225753649,0.609802534613122,0.05,92.22927775541135
2024-06-10,Fighter_A,Fighter_B,0.9612441116644019,0.6942532033679764,fighter_b,1.4403966667330854,101.6416047904918,44.762623951134195,win,-0.021498337682619616,0.3303682749625021,0.05,96.1244111664402
2024-06-11,Fighter_A,Fighter_B,0.9711517502337542,0.26117676773055293,fighter_a,3.8288244727481486,103.87973598804852,293.8575393856082,win,-0.012025918993539992,2.5716584104588693,0.05,97.11517502337543
2024-06-12,Fighter_A,Fighter_B,0.9413179207761398,0.7133259540800722,fighter_a,1.4018836610110896,118.57261295732893,47.652395790942315,win,0.040891104663681364,0.30132509624197623,0.05,94.131792077614
2024-06-13,Fighter_A,Fighter_B,0.9486062409028229,0.3394535903207661,fighter_a,2.94591080640818,120.95523274687604,235.3680944937626,win,-0.004145501909733155,1.6966316353335231,0.05,94.86062409028229
2024-06-14,Fighter_A,Fighter_B,0.9669184193368379,0.7678521890966642,fighter_a,1.3023339832845238,132.72363747156416,40.12686599278907,win,0.0235189532053876,0.2456809797734234,0.05,96.69184193368379
2024-06-15,Fighter_A,Fighter_B,0.9781291176703087,0.3437592188843269,fighter_b,2.9090128935174664,134.72998077120363,257.20127043558807,win,-0.03905657606505153,1.7938337715641333,0.05,97.81291176703087
2024-06-16,Fighter_A,Fighter_B,0.7332730619527718,0.5455534366262212,fighter_a,1.8330010093679179,147.59004429298304,122.94265586871057,win,0.0228491399261382,0.3126936732960772,0.05,73.32730619527717
2024-06-17,Fighter_A,Fighter_B,0.9832337741928734,0.4066516358355642,fighter_b,2.459107284654734,153.73717708641857,224.31903500904818,win,0.0329195961944957,1.3649431531336536,0.05,98.32337741928734
2024-06-18,Fighter_A,Fighter_B,0.9700375765486879,0.39229672276714006,fighter_b,2.5490908844364246,164.95312883687097,255.52738824046395,win,-0.04300815687356656,1.4207089674031295,0.05,97.00375765486879
2024-06-19,Fighter_A,Fighter_B,0.945982752440061,0.42991941783989995,fighter_b,2.3260172918553668,177.72949824889417,235.6723879508118,win,-0.026711994235031726,1.1491279922195274,0.05,94.59827524400612
2024-06-20,Fighter_A,Fighter_B,0.6705701466192057,0.5951324467533926,fighter_a,1.6802982352168305,141.24553647240006,96.08908919442823,win,0.013548662367875266,0.10359999737882641,0.037265371977024536,67.05701466192056
2024-06-21,Fighter_A,Fighter_B,0.919783170096056,0.6651086762619851,fighter_b,1.5035136898531478,194.31757210615615,97.8415577344758,win,0.01212751958718828,0.3311855290282686,0.05,91.9783170096056
2024-06-22,Fighter_A,Fighter_B,0.9595789764175789,0.3565760520709222,fighter_b,2.8044508154493286,199.20964999287995,359.46401537502754,win,-0.011140856685203253,1.6402618959034774,0.05,95.95789764175788
2024-06-23,Fighter_A,Fighter_B,0.364048797430105,0.2381058806020977,fighter_b,4.199812274570047,143.6033748708152,459.50384158131834,win,-0.017427604394403898,0.5109256014668948,0.03306047746569706,63.5951202569895
2024-06-24,Fighter_A,Fighter_B,0.9076119952562679,0.2796807273799751,fighter_b,3.575505575117433,240.15804284069728,618.5283782455072,win,-0.034644635068160436,2.1988482918958945,0.05,90.76119952562678
2024-06-25,Fighter_A,Fighter_B,0.907247780526282,0.4315325395917365,fighter_b,2.3173223529008453,271.08446175297263,357.1056209912851,win,0.012957512761884152,1.0532198313471026,0.05,90.72477805262821
2024-06-26,Fighter_A,Fighter_B,0.9591899056778515,0.70497984565445,fighter_b,1.418480267434703,288.9397428025369,120.91558084051995,win,0.024526047553815756,0.30645056448297403,0.05,95.91899056778516
2024-06-27,Fighter_A,Fighter_B,0.8967938175378188,0.558745406482774,fighter_a,1.7897238856867985,294.9855218445629,232.9571125324362,win,0.021469680218240823,0.5687203156602083,0.05,89.67938175378188
2024-06-28,Fighter_A,Fighter_B,0.9167126951440195,0.42272691220009134,fighter_a,2.36559341536946,306.6333774711847,418.73652120714803,win,0.00921671101403045,1.1028370645695875,0.05,91.67126951440196
2024-06-29,Fighter_A,Fighter_B,0.8934620889949004,0.2449072082892941,fighter_b,4.083179123167173,327.5702035315421,1009.9576129000724,win,0.0453121297916244,2.6037012963398123,0.05,89.34620889949005
2024-06-30,Fighter_A,Fighter_B,0.8523704516261854,0.5418143091679709,fighter_b,1.845650775697739,378.06808417654577,319.71356865045396,win,0.006898839418504129,0.5259787605973671,0.05,85.23704516261856
2024-07-01,Fighter_A,Fighter_B,0.8976622404355648,0.34494420507470763,fighter_a,2.8990195668990038,394.0537626090685,748.3158056047961,win,0.01868534279970088,1.5120021606650291,0.05,89.76622404355648
2024-07-02,Fighter_A,Fighter_B,0.9005930234108014,0.29471763496984,fighter_b,3.3930782598141276,431.4695528893083,1032.5404067911256,win,0.044164092116211376,2.009405630300079,0.05,90.05930234108014
2024-07-03,Fighter_A,Fighter_B,0.9792668129895041,0.36275836721419935,fighter_b,2.756655918592571,483.0965732288646,848.6344546142744,win,0.044091446661655175,1.6475113154399792,0.05,97.92668129895041
2024-07-04,Fighter_A,Fighter_B,0.9166027602831951,0.6357319762378593,fighter_b,1.5729899350317558,500.0,286.4949675158779,win,0.03620844840270821,0.39042430189959054,0.05,91.66027602831952
2024-07-05,Fighter_A,Fighter_B,0.9831140720129949,0.41279765817101666,fighter_b,2.422494363051142,500.0,711.247181525571,win,0.046108761641617535,1.328570346343616,0.05,98.3114072012995
2024-07-06,Fighter_A,Fighter_B,0.9728739848993577,0.5540959261864367,fighter_b,1.80474165706739,500.0,402.370828533695,win,0.026195315404351105,0.7018142352168371,0.05,97.28739848993577
2024-07-07,Fighter_A,Fighter_B,0.9512291350752484,0.6705470944610066,fighter_b,1.491319563175218,500.0,245.65978158760905,win,-0.04931757488459919,0.36506822502827685,0.05,95.12291350752483
2024-07-08,Fighter_A,Fighter_B,0.8740417007388445,0.5396910599048872,fighter_b,1.8529119236776606,500.0,426.45596183883026,win,0.04754226742632858,0.5711387401516654,0.05,87.40417007388444
2024-07-09,Fighter_A,Fighter_B,0.8370371012634535,0.665616487798224,fighter_b,1.502366630532057,500.0,251.18331526602856,win,-0.027695577649320863,0.21046610420539058,0.05,83.70371012634536
2024-07-10,Fighter_A,Fighter_B,0.906255827319048,0.42602363534486926,fighter_b,2.347287608093604,500.0,673.6438040468021,win,-0.036875485505836615,1.0781991598632312,0.05,90.62558273190479
2024-07-11,Fighter_A,Fighter_B,0.4130473048442301,0.259634228283661,fighter_a,3.8515722931086698,500.0,-500.0,loss,0.046696857871041116,0.5279731747067422,0.04144250920863673,58.695269515576996
2024-07-12,Fighter_A,Fighter_B,0.9191384516619393,0.34215480105838936,fighter_b,2.9226537137771977,500.0,961.3268568885989,win,-0.025099295435505153,1.6379077422488453,0.05,91.91384516619394
2024-07-13,Fighter_A,Fighter_B,0.8155891839963292,0.43426387195133154,fighter_b,2.3027473952796864,500.0,651.3736976398432,win,0.039376113660939245,0.8338675252166934,0.05,81.55891839963292
2024-07-14,Fighter_A,Fighter_B,0.9754105093256733,0.3622475336164406,fighter_a,2.76054329484775,500.0,880.271647423875,win,-0.0073425095906969945,1.601826509884293,0.05,97.54105093256733
2024-07-15,Fighter_A,Fighter_B,0.885565402093621,0.43552515668709657,fighter_a,2.2960786182977047,500.0,648.0393091488523,win,0.002628845160640978,0.973167706215232,0.05,88.5565402093621
2024-07-16,Fighter_A,Fighter_B,0.9143510898865442,0.25933963173191693,fighter_b,3.855947482156195,500.0,1427.9737410780974,win,0.0002537644858974187,2.479665032706851,0.05,91.43510898865443
2024-07-17,Fighter_A,Fighter_B,0.8409808391043317,0.28646435120426605,fighter_a,3.4908357559888517,500.0,1245.417877994426,win,-0.026017931745779252,1.8240967385135503,0.05,84.09808391043317
2024-07-18,Fighter_A,Fighter_B,0.4423095504695441,0.3556026315415409,fighter_b,2.8121276708920577,500.0,-500.0,loss,0.046909869115144595,0.22040972368885203,0.02691100962607137,55.76904495304559
2024-07-19,Fighter_A,Fighter_B,0.7959040046468262,0.26624109069277496,fighter_a,3.755994228381281,500.0,1377.9971141906403,win,-0.03968751037512866,1.8723182507940987,0.05,79.59040046468262
2024-07-20,Fighter_A,Fighter_B,0.9736543305669834,0.739351750434239,fighter_a,1.352536190538098,500.0,176.26809526904896,win,-0.03826445639904544,0.30058725195103175,0.05,97.36543305669834
2024-07-21,Fighter_A,Fighter_B,0.5764273696215679,0.35231828885240785,fighter_a,2.838342577268014,500.0,919.171288634007,win,0.018703812339127837,0.5799853633814294,0.05,57.64273696215679
2024-07-22,Fighter_A,Fighter_B,0.6870528985507246,0.4396121367578477,fighter_b,2.2747324661576203,500.0,637.3662330788102,win,-0.022969759286024623,0.5255553065892433,0.05,68.70528985507246
2024-07-23,Fighter_A,Fighter_B,0.7525826153671055,0.610277889491743,fighter_b,1.6385977883498757,500.0,319.29889417493786,win,0.025186257596629378,0.19111592938484523,0.05,75.25826153671055
2024-07-24,Fighter_A,Fighter_B,0.9724759970045429,0.5025297418022501,fighter_b,1.9899319718145339,500.0,494.96598590726694,win,-0.04929435477366929,0.8816625462063485,0.05,97.24759970045429
2024-07-25,Fighter_A,Fighter_B,0.9771087221329475,0.25637475646177893,fighter_b,3.900540028983247,500.0,1450.2700144916234,win,0.01573166699737807,2.7621771692517023,0.05,97.71087221329475
2024-07-26,Fighter_A,Fighter_B,0.917269653664392,0.39739992818701864,fighter_a,2.5163567707777603,500.0,758.1783853888802,win,0.00010769278874439289,1.2349045182760463,0.05,91.7269653664392
2024-07-27,Fighter_A,Fighter_B,0.9536065162907268,0.4326885645265368,fighter_b,2.3111311044104794,500.0,655.5655522052397,win,-0.029168279299645033,1.1522168733513958,0.05,95.36065162907269
2024-07-28,Fighter_A,Fighter_B,0.9507839826839827,0.5602486905466613,fighter_b,1.784921619404862,500.0,392.46080970243105,win,0.028108317802266504,0.6442811676319422,0.05,95.07839826839827
2024-07-29,Fighter_A,Fighter_B,0.9500586587103829,0.43085158413500135,fighter_b,2.3209848514486695,500.0,660.4924257243348,win,0.030072435764090903,1.1535947309580181,0.05,95.00586587103828
2024-07-30,Fighter_A,Fighter_B,0.9543002570012852,0.6463962417403856,fighter_b,1.5470386976687183,500.0,273.5193488343591,win,0.013505511448552698,0.4227815101700896,0.05,95.43002570012851
2024-07-31,Fighter_A,Fighter_B,0.9751025885878827,0.6876463189213148,fighter_b,1.4542359531112778,500.0,227.11797655563893,win,-0.023926431050378554,0.3630770449818437,0.05,97.51025885878826
2024-08-01,Fighter_A,Fighter_B,0.9570594947857243,0.5384452406737259,fighter_b,1.8571990695818148,500.0,428.5995347909074,win,-0.04830257439363037,0.7244811954762536,0.05,95.70594947857244
2024-08-02,Fighter_A,Fighter_B,0.8903494197121002,0.4344738278286655,fighter_b,2.301634611681027,500.0,650.8173058405135,win,-0.014786412374314502,1.0009740632879383,0.05,89.03494197121003
2024-08-04,Fighter_A,Fighter_B,0.9703549950117016,0.612079213231546,fighter_b,1.6337754630162644,500.0,316.8877315081322,win,0.027778340006025994,0.5310941702395362,0.05,97.03549950117016
2024-08-05,Fighter_A,Fighter_B,0.8522777954287442,0.6530657952602995,fighter_b,1.5312392828679984,500.0,265.61964143399916,win,0.03483482700083079,0.2571753526017224,0.05,85.2277795428744
2024-08-06,Fighter_A,Fighter_B,0.9932164065882475,0.5387206323476225,fighter_a,1.8562496773925785,500.0,428.12483869628926,win,0.010098359982745879,0.7998785986142309,0.05,99.32164065882475
2024-08-07,Fighter_A,Fighter_B,0.8873121534338598,0.5259205249983502,fighter_b,1.901427977170385,500.0,450.7139885851925,win,-0.01448890536252241,0.6381498953778704,0.05,88.73121534338597
2024-08-08,Fighter_A,Fighter_B,0.9573447074733712,0.6454656556934455,fighter_b,1.5492691070071982,500.0,274.63455350359914,win,-0.04946735401091257,0.42946115218351455,0.05,95.73447074733713
2024-08-09,Fighter_A,Fighter_B,0.9214330357142857,0.6853658130870788,fighter_b,1.4590748194686296,500.0,229.5374097343148,win,0.04692737713104524,0.29252328125288485,0.05,92.14330357142856
2024-08-10,Fighter_A,Fighter_B,0.8817710155121655,0.5594292554815071,fighter_a,1.7875361186452228,500.0,393.7680593226114,win,0.029849514567356916,0.5406171408529588,0.05,88.17710155121655
2024-08-11,Fighter_A,Fighter_B,0.9314568254653551,0.4420613090387516,fighter_a,2.262129662906868,500.0,631.064831453434,win,0.013376369164667026,1.0455136006112884,0.05,93.14568254653551
2024-08-12,Fighter_A,Fighter_B,0.783930340189528,0.5312329472643755,fighter_b,1.8824133652657953,500.0,-500.0,loss,0.020132125834497524,0.43234357789452194,0.05,78.3930340189528
2024-08-13,Fighter_A,Fighter_B,0.9340000663423268,0.5609497501175397,fighter_a,1.7826908734525029,500.0,391.3454367262514,win,0.030327783360690762,0.6275909566776243,0.05,93.40000663423268
2024-08-14,Fighter_A,Fighter_B,0.9189457805709048,0.553828619548006,fighter_a,1.8056127197184684,500.0,402.8063598592342,win,0.013057538333878245,0.6212787583086117,0.05,91.89457805709048
2024-08-15,Fighter_A,Fighter_B,0.9450555634723705,0.3195503908235936,fighter_a,3.1293968923732147,500.0,1064.6984461866073,win,-0.007995629323810613,1.8505372099345294,0.05,94.50555634723705
2024-08-16,Fighter_A,Fighter_B,0.8679489503088325,0.6584383827616375,fighter_b,1.5187449975285112,500.0,259.3724987642556,win,-0.0179984767685012,0.26941993154453914,0.05,86.79489503088324
2024-08-17,Fighter_A,Fighter_B,0.9203603517888078,0.6384350477177647,fighter_b,1.5663300496655592,500.0,283.16502483277964,win,0.032593817521719456,0.3899794571158042,0.05,92.03603517888078
2024-08-18,Fighter_A,Fighter_B,0.9450003166805823,0.39570703957559056,fighter_a,2.5271220877761853,500.0,763.5610438880926,win,0.010074909131907556,1.312091022076249,0.05,94.50003166805823
2024-08-19,Fighter_A,Fighter_B,0.9518196703523302,0.5322184243958564,fighter_a,1.878927812645987,500.0,439.46390632299347,win,-0.011609828049007074,0.7452753189758499,0.05,95.18196703523301
2024-08-20,Fighter_A,Fighter_B,0.8432728408775632,0.29805860721931826,fighter_a,3.35504486627416,500.0,1177.52243313708,win,0.04808598838670124,1.7234956212996804,0.05,84.32728408775631
2024-08-21,Fighter_A,Fighter_B,0.9764058211476089,0.6593140091070231,fighter_a,1.5167279720848084,500.0,258.3639860424042,win,0.028779908486075385,0.4558849098564328,0.05,97.64058211476089
2024-08-22,Fighter_A,Fighter_B,0.9354782355293577,0.4295898239875146,fighter_a,2.3278018802164726,500.0,663.9009401082363,win,0.01818958593245231,1.112447503630074,0.05,93.54782355293577
2024-08-23,Fighter_A,Fighter_B,0.5927760479852295,0.4448277638243142,fighter_a,2.2480611178643795,500.0,-500.0,loss,0.04169943717692423,0.29387093351191185,0.05,59.27760479852296
2024-08-24,Fighter_A,Fighter_B,0.43499747829144797,0.28995444975497753,fighter_a,3.4488175671904253,500.0,-500.0,loss,0.0190388925246243,0.44347807621962887,0.04085457010086718,56.500252170855205
2024-08-25,Fighter_A,Fighter_B,0.7931586651769003,0.44716940165804897,fighter_b,2.236288968547766,500.0,618.144484273883,win,-0.025012595424603722,0.7305878968745221,0.05,79.31586651769001
2024-08-26,Fighter_A,Fighter_B,0.9608502159024825,0.3690919556470093,fighter_b,2.709351923552558,500.0,854.6759617762789,win,0.04663702581511437,1.5521548824857323,0.05,96.08502159024825
2024-08-27,Fighter_A,Fighter_B,0.9607248458969178,0.33300282072813847,fighter_a,3.0029775658158586,500.0,1001.4887829079294,win,0.0035775770662571467,1.782933315531538,0.05,96.07248458969178
2024-08-28,Fighter_A,Fighter_B,0.9461445237782112,0.35030118383354025,fighter_a,2.8546863275095022,500.0,927.3431637547511,win,0.034667494570198354,1.6080035802958097,0.05,94.61445237782112
2024-08-29,Fighter_A,Fighter_B,0.6852085609979118,0.37526903794672367,fighter_a,2.6647548795165146,500.0,832.3774397582573,win,-0.00722572470798351,0.7656618799653849,0.05,68.52085609979119
2024-08-30,Fighter_A,Fighter_B,0.9030317650802093,0.4091245387838824,fighter_b,2.444243513167134,500.0,722.1217565835669,win,0.04492740527547847,1.158579531670294,0.05,90.30317650802093
2024-08-31,Fighter_A,Fighter_B,0.8814228877920323,0.7566151100838027,fighter_a,1.321675957395617,500.0,160.83797869780847,win,-0.01103380139085139,0.1516608492242839,0.05,88.14228877920323
2024-09-01,Fighter_A,Fighter_B,0.8665491934370142,0.5836437633145788,fighter_b,1.7133739154872267,500.0,356.6869577436134,win,0.03634969453283165,0.4364509426508971,0.05,86.65491934370142
2024-09-02,Fighter_A,Fighter_B,0.8709568904000358,0.5756506494215586,fighter_b,1.7371647213546062,500.0,368.5823606773031,win,0.039941475856938316,0.46453013928141385,0.05,87.09568904000358
2024-09-03,Fighter_A,Fighter_B,0.8418006798838544,0.33126312471217667,fighter_a,3.0187483163689475,500.0,1009.3741581844737,win,0.006938740526209866,1.451001234982427,0.05,84.18006798838545
2024-09-04,Fighter_A,Fighter_B,0.9069109004246659,0.2822664649317685,fighter_a,3.542751705349508,500.0,1271.375852674754,win,-0.01678617044076372,2.090025778096145,0.05,90.69109004246658
2024-09-05,Fighter_A,Fighter_B,0.7840650956449002,0.3108809386337331,fighter_b,3.2166655324537543,500.0,1108.332766226877,win,-0.0004767941691547452,1.4813522530192071,0.05,78.40650956449002
2024-09-06,Fighter_A,Fighter_B,0.660081018578117,0.535025671596711,fighter_b,1.8690691925410545,500.0,-500.0,loss,0.03636415479468895,0.19722430821411296,0.05,66.0081018578117
2024-09-07,Fighter_A,Fighter_B,0.738488355617535,0.28490946188743455,fighter_b,3.509886942242346,500.0,1254.9434711211732,win,0.0014555422816582909,1.5541976023020538,0.05,73.8488355617535
2024-09-08,Fighter_A,Fighter_B,0.8489114814367621,0.3950023082988647,fighter_a,2.5316307752900142,500.0,765.8153876450071,win,0.036607594255059966,1.0806145401866312,0.05,84.89114814367622
2024-09-09,Fighter_A,Fighter_B,0.942015163759629,0.7098637551107619,fighter_a,1.4087210296347181,500.0,204.36051481735907,win,0.023361088393880687,0.30838055419113464,0.05,94.20151637596291
2024-09-10,Fighter_A,Fighter_B,0.693156400907367,0.528580602408713,fighter_a,1.8918590569594391,500.0,445.9295284797196,win,0.04231470048385897,0.27946245381407864,0.05,69.3156400907367
2024-09-11,Fighter_A,Fighter_B,0.8103853824664246,0.2609875537608601,fighter_a,3.831600341050319,500.0,1415.8001705251595,win,-0.03699770588195394,1.9825265739643076,0.05,81.03853824664246
2024-09-12,Fighter_A,Fighter_B,0.7931437373130591,0.5417819383276871,fighter_a,1.8457610511835998,500.0,422.8805255917999,win,-0.017732971571572647,0.4294448110850966,0.05,79.3143737313059
2024-09-13,Fighter_A,Fighter_B,0.7716199645783637,0.5787300576275725,fighter_a,1.7279213111884462,500.0,363.96065559422306,win,0.03654471034657316,0.30465790496377143,0.05,77.16199645783637
2024-09-14,Fighter_A,Fighter_B,0.549067254824658,0.3593767885918766,fighter_b,2.782594846813109,500.0,-500.0,loss,-0.025884037819852698,0.49871683070441875,0.05,54.90672548246581
2024-09-15,Fighter_A,Fighter_B,0.774677579851655,0.6774872291097629,fighter_b,1.4760425835834985,500.0,238.02129179174923,win,0.015109397011772649,0.09984224887651827,0.05,77.4677579851655
2024-09-16,Fighter_A,Fighter_B,0.9761181972789116,0.5585932632496534,fighter_b,1.7902113501735297,500.0,395.10567508676485,win,0.01766458670882682,0.693270377716781,0.05,97.61181972789116
2024-09-17,Fighter_A,Fighter_B,0.9556674240227776,0.5544226611464421,fighter_b,1.8036780782592607,500.0,401.83903912963035,win,-0.014624200883870942,0.6706964285600181,0.05,95.56674240227775
2024-09-18,Fighter_A,Fighter_B,0.9830285484419686,0.663979557108891,fighter_a,1.5060704645098018,500.0,253.03523225490088,win,-0.04365896209815926,0.45585144105796904,0.05,98.30285484419687
2024-09-19,Fighter_A,Fighter_B,0.9257665369348622,0.6690587716106849,fighter_a,1.4946370071385668,500.0,247.31850356928342,win,-0.030661681513119623,0.36103660406573934,0.05,92.57665369348622
2024-09-20,Fighter_A,Fighter_B,0.8786449883449883,0.28653283289491993,fighter_a,3.490001442057182,500.0,-500.0,loss,0.047315438857129626,1.9498833677900143,0.05,87.86449883449882
2024-09-21,Fighter_A,Fighter_B,0.8671210845455792,0.6379711363732907,fighter_b,1.5674690326662026,500.0,283.73451633310134,win,0.0038452915728551616,0.3105646623429321,0.05,86.71210845455792
2024-09-22,Fighter_A,Fighter_B,0.948429778050485,0.6376445012972262,fighter_b,1.5682719728086678,500.0,284.1359864043339,win,-0.009805675166242882,0.43421786153122754,0.05,94.84297780504849
2024-09-23,Fighter_A,Fighter_B,0.9800567191322047,0.6711194922849303,fighter_a,1.490047616699889,500.0,245.02380834994452,win,-0.031039282816183778,0.4365986411441023,0.05,98.00567191322047
2024-09-24,Fighter_A,Fighter_B,0.901910012894055,0.6514099150946465,fighter_a,1.5351316841020222,500.0,267.5658420510111,win,0.004382419434772997,0.3605049900924353,0.05,90.1910012894055
2024-09-25,Fighter_A,Fighter_B,0.9050004825196384,0.31513926439427253,fighter_a,3.17320027360632,500.0,1086.60013680316,win,-0.00912334222913824,1.7672124250474948,0.05,90.50004825196385
2024-09-26,Fighter_A,Fighter_B,0.9396133365033106,0.2602144684106585,fighter_a,3.842983851389255,500.0,1421.4919256946275,win,-0.022790833925399732,2.468250566909654,0.05,93.96133365033106
2024-09-27,Fighter_A,Fighter_B,0.8492313840033562,0.3283332415314484,fighter_b,3.045686130760592,500.0,1022.843065380296,win,-0.01756073169495761,1.5420208017373866,0.05,84.92313840033562
2024-09-28,Fighter_A,Fighter_B,0.8225238917961325,0.4362443707971942,fighter_b,2.292293189187971,500.0,646.1465945939855,win,0.012397409665142795,0.8408399600848715,0.05,82.25238917961326
2024-09-29,Fighter_A,Fighter_B,0.8539594567622358,0.5501257381979636,fighter_a,1.8177662497226195,500.0,408.88312486130974,win,-0.041390670131809804,0.5164403013392673,0.05,85.39594567622359
2024-09-30,Fighter_A,Fighter_B,0.8249634309012376,0.4278031729258924,fighter_b,2.337523569918048,500.0,668.761784959024,win,0.010715414986246544,0.883706669386128,0.05,82.49634309012376
2024-10-01,Fighter_A,Fighter_B,0.8189872731752488,0.6872604095846252,fighter_b,1.4550525332957738,500.0,227.5262666478869,win,0.008722842703691079,0.14551691054747384,0.05,81.89872731752487
2024-10-02,Fighter_A,Fighter_B,0.9969545534498431,0.611521382827767,fighter_b,1.6352657945922502,500.0,317.63289729612507,win,0.0446230281273455,0.5745543358351344,0.05,99.69545534498431
2024-10-03,Fighter_A,Fighter_B,0.9640151685044482,0.5855912250907398,fighter_b,1.7076758618523455,500.0,353.83793092617276,win,0.009892409459757128,0.592510401884287,0.05,96.40151685044482
2024-10-04,Fighter_A,Fighter_B,0.9754693720272689,0.6040770803264137,fighter_b,1.6554178805453914,500.0,327.7089402726957,win,0.021372182420375526,0.5603284195112714,0.05,97.5469372027269
2024-10-05,Fighter_A,Fighter_B,0.4375036301951749,0.2725342316648971,fighter_b,3.6692638348256414,500.0,1334.6319174128207,win,0.007884715353254999,0.5830893790605569,0.04535454607241001,56.24963698048251
2024-10-06,Fighter_A,Fighter_B,0.9251963809391897,0.3767152656016358,fighter_b,2.654524759974733,500.0,827.2623799873664,win,-0.025836540358596952,1.406600198138229,0.05,92.51963809391896
2024-10-07,Fighter_A,Fighter_B,0.9459061962799389,0.3662954653016372,fighter_a,2.7300365271421514,500.0,865.0182635710757,win,-0.01023205921735228,1.4958348256884482,0.05,94.59061962799389
2024-10-08,Fighter_A,Fighter_B,0.586153826937405,0.47568959101573954,fighter_a,2.102211229521968,500.0,551.105614760984,win,-0.006164711688119257,0.19856288244885123,0.04213696086471613,58.6153826937405
2024-10-09,Fighter_A,Fighter_B,0.6654089653960008,0.5593745814918724,fighter_a,1.7877108347200255,500.0,393.8554173600127,win,0.04085826658614222,0.16270255217025942,0.04812903634254255,66.54089653960008
2024-10-10,Fighter_A,Fighter_B,0.9158276855379452,0.6951429478441338,fighter_b,1.4385530387689724,500.0,219.27651938448622,win,0.03268666665052036,0.2658189604410224,0.05,91.58276855379452
2024-10-11,Fighter_A,Fighter_B,0.9512821940349214,0.4019910798498832,fighter_a,2.4876173878620222,500.0,743.8086939310111,win,0.015422965516836775,1.2919188215423407,0.05,95.12821940349214
2024-10-12,Fighter_A,Fighter_B,0.9881295350878124,0.37761446516447517,fighter_b,2.64820363691427,500.0,824.101818457135,win,-0.00675444174975512,1.5640387728189933,0.05,98.81295350878125
2024-10-13,Fighter_A,Fighter_B,0.9880675599498637,0.5445837890130849,fighter_b,1.8362647221141806,500.0,418.1323610570903,win,-0.01935551029112951,0.7596168019432314,0.05,98.80675599498637
2024-10-14,Fighter_A,Fighter_B,0.9478780137668373,0.29230782510682574,fighter_b,3.4210510773515685,500.0,1210.5255386757842,win,-0.03315106692021646,2.193993585033543,0.05,94.78780137668373
2024-10-15,Fighter_A,Fighter_B,0.9541133713527696,0.2813191704971744,fighter_a,3.5546813188475688,500.0,1277.3406594237845,win,-0.0021889044011205536,2.261618822987493,0.05,95.41133713527697
2024-10-16,Fighter_A,Fighter_B,0.5150440339680765,0.37476722547198443,fighter_a,2.668322980326236,500.0,834.1614901631181,win,-0.020950779478001474,0.32891589081187345,0.0448718666746113,51.50440339680765
2024-10-17,Fighter_A,Fighter_B,0.9518086472747181,0.6624732446742863,fighter_b,1.5094949238163773,500.0,254.74746190818865,win,-0.03101407755871676,0.3832426806679976,0.05,95.18086472747181
2024-10-18,Fighter_A,Fighter_B,0.9758221288515405,0.6155028237822039,fighter_a,1.6246879158979304,500.0,312.34395794896517,win,0.024477453627010395,0.5546501869983029,0.05,97.58221288515405
2024-10-19,Fighter_A,Fighter_B,0.9182146618133202,0.7020093209090037,fighter_b,1.4244825107238464,500.0,212.24125536192318,win,-0.03783175745604533,0.25616599431955733,0.05,91.82146618133203
2024-10-20,Fighter_A,Fighter_B,0.9084459013148062,0.5661802869780049,fighter_b,1.7662218607742664,500.0,383.1109303871332,win,0.01498331935574798,0.5540316020444125,0.05,90.84459013148062
2024-10-21,Fighter_A,Fighter_B,0.9518309044752857,0.36996173583685166,fighter_b,2.7029822360899156,500.0,851.4911180449578,win,0.040087514722802246,1.522120247544109,0.05,95.18309044752857
2024-10-22,Fighter_A,Fighter_B,0.9550590447264681,0.627198856770102,fighter_a,1.5943906612804097,500.0,297.1953306402049,win,-0.04460265626082532,0.49420485715245555,0.05,95.5059044726468
2024-10-23,Fighter_A,Fighter_B,0.8898913772364825,0.3861314267892729,fighter_b,2.589791792693785,500.0,794.8958963468924,win,-0.01954726422968651,1.257015926043516,0.05,88.98913772364824
2024-10-24,Fighter_A,Fighter_B,0.8887050334715372,0.5451633918471221,fighter_a,1.834312455595745,500.0,417.15622779787253,win,-0.0249754627436263,0.5920477689513839,0.05,88.87050334715371
2024-10-25,Fighter_A,Fighter_B,0.8635081531600368,0.3341952427923726,fighter_b,2.992262821111657,500.0,996.1314105558286,win,0.00486141041471133,1.5385086510886623,0.05,86.35081531600369
2024-10-26,Fighter_A,Fighter_B,0.5396170684544623,0.3763852850937627,fighter_a,2.6568520067166985,500.0,-500.0,loss,0.022152983401888014,0.3864650047087719,0.05,53.96170684544623
2024-10-27,Fighter_A,Fighter_B,0.9536837037868028,0.4544421176670876,fighter_a,2.200500264221931,500.0,600.2501321109654,win,-0.04901881413698645,1.038737609910294,0.05,95.36837037868028
2024-10-28,Fighter_A,Fighter_B,0.9308918777385906,0.253363744048359,fighter_a,3.9468946267589584,500.0,1473.4473133794793,win,-0.03957198730953202,2.5275415228851883,0.05,93.08918777385907
2024-10-29,Fighter_A,Fighter_B,0.4830546844519179,0.24353388475886428,fighter_b,4.106204773065369,500.0,-500.0,loss,0.013784837760262604,0.9595094015875725,0.05,51.69453155480821
2024-10-30,Fighter_A,Fighter_B,0.31331875693882394,0.24252287323248528,fighter_b,4.123322417681355,500.0,-500.0,loss,-0.027708619905714084,0.2763530092863353,0.018692546931009142,68.6681243061176
2024-10-31,Fighter_A,Fighter_B,0.9404481191461874,0.5486227602448205,fighter_a,1.8227461061836998,500.0,411.3730530918499,win,-0.01768734480893198,0.6744540286304408,0.05,94.04481191461875
2024-11-01,Fighter_A,Fighter_B,0.9372692780337253,0.6539300341711678,fighter_a,1.5292155853759846,500.0,264.6077926879923,win,-0.008339481797466965,0.4085991903850079,0.05,93.72692780337252
2024-11-02,Fighter_A,Fighter_B,0.9707614591557682,0.6985120258944595,fighter_a,1.4316145791756107,500.0,215.80728958780537,win,0.03398006512061482,0.3693255129897002,0.05,97.07614591557682
2024-11-03,Fighter_A,Fighter_B,0.9086003059765744,0.5320616132193284,fighter_b,1.8794815772356352,500.0,439.7407886178176,win,0.03228651694282643,0.6574614614946712,0.05,90.86003059765744
2024-11-04,Fighter_A,Fighter_B,0.9157226163118404,0.31954909388952046,fighter_b,3.1294095934621415,500.0,1064.7047967310707,win,0.009083518512901534,1.8179099166418662,0.05,91.57226163118403
2024-11-05,Fighter_A,Fighter_B,0.9654125722744131,0.7523023974655451,fighter_a,1.3292527092415645,500.0,164.62635462078222,win,-0.03612451927524574,0.26831911825058374,0.05,96.54125722744132
2024-11-06,Fighter_A,Fighter_B,0.955317383769748,0.5352612961346668,fighter_a,1.8682464194990278,500.0,434.12320974951393,win,-0.03956610531074155,0.7420381398133347,0.05,95.5317383769748
2024-11-07,Fighter_A,Fighter_B,0.7591943171948987,0.3191532723107828,fighter_a,3.1332907626471935,500.0,1066.6453813235967,win,0.0077923511133277425,1.2927264586041836,0.05,75.91943171948986
2024-11-08,Fighter_A,Fighter_B,0.9663576124576876,0.5812187103408388,fighter_a,1.7205227261413851,500.0,360.26136307069254,win,0.0419892679912799,0.6271591591419805,0.05,96.63576124576876
2024-11-09,Fighter_A,Fighter_B,0.773801878080969,0.6565265055062274,fighter_a,1.5231677496842733,500.0,261.58387484213665,win,0.014744271816451632,0.15850201706265654,0.05,77.3801878080969
2024-11-10,Fighter_A,Fighter_B,0.9624924422587582,0.7108617018902726,fighter_a,1.4067433895241106,500.0,203.3716947620553,win,-0.0145219340360421,0.33502156644782866,0.05,96.24924422587583
2024-11-11,Fighter_A,Fighter_B,0.9430636363636364,0.31593253765711427,fighter_a,3.165232702575615,500.0,1082.6163512878074,win,0.00727885992259994,1.8764914371442036,0.05,94.30636363636364
2024-11-12,Fighter_A,Fighter_B,0.9546354348491313,0.27027917942649354,fighter_a,3.6998780376716547,500.0,1349.9390188358273,win,-0.009410383948133042,2.3944953044471085,0.05,95.46354348491312
2024-11-13,Fighter_A,Fighter_B,0.9675693956058548,0.7296683360329984,fighter_a,1.3704856722120065,500.0,185.24283610600324,win,0.017051177720567835,0.30888449602843404,0.05,96.75693956058547
2024-11-14,Fighter_A,Fighter_B,0.8529098639455782,0.3388880063880119,fighter_b,2.950827356383465,500.0,975.4136781917324,win,0.004081863672147336,1.4719229109802185,0.05,85.29098639455782
2024-11-15,Fighter_A,Fighter_B,0.9421180073436479,0.704871506753107,fighter_b,1.4186982881551868,500.0,209.34914407759342,win,-0.038277503295459946,0.28340395139758545,0.05,94.21180073436479
2024-11-16,Fighter_A,Fighter_B,0.9694753246753248,0.3758845706726139,fighter_a,2.66039118927011,500.0,830.195594635055,win,-0.015672646732312,1.4941662743300053,0.05,96.94753246753248
2024-11-17,Fighter_A,Fighter_B,0.9517465435018987,0.43711185892473803,fighter_b,2.2877439254563443,500.0,643.8719627281722,win,-0.025284462732911708,1.1257046043528343,0.05,95.17465435018987
2024-11-18,Fighter_A,Fighter_B,0.8499670072371223,0.7129684177670064,fighter_a,1.4025866715554767,500.0,201.29333577773835,win,0.03344590243537519,0.17560213836083305,0.05,84.99670072371222
2024-11-19,Fighter_A,Fighter_B,0.9632093717158179,0.3366904004894308,fighter_a,2.970087648909347,500.0,985.0438244546735,win,-0.012722405239164621,1.7601686661408942,0.05,96.32093717158179
2024-11-20,Fighter_A,Fighter_B,0.9387163195535471,0.3041547117034478,fighter_b,3.287800456548588,500.0,1143.900228274294,win,-0.025638899133862577,2.0377240824786793,0.05,93.8716319553547
2024-11-21,Fighter_A,Fighter_B,0.7500621429832292,0.27614720635641515,fighter_a,3.6212569853389325,500.0,1310.6284926694661,win,0.03553736203821466,1.6113008880445014,0.05,75.00621429832292
2024-11-22,Fighter_A,Fighter_B,0.9499055810100051,0.5646314883984912,fighter_b,1.7710666524043475,500.0,385.5333262021737,win,0.012164720476074139,0.6295681688582933,0.05,94.9905581010005
2024-11-23,Fighter_A,Fighter_B,0.9474323308270677,0.6052424442803183,fighter_b,1.6522304564893495,500.0,326.11522824467477,win,-0.0011647508094398563,0.5124538621104502,0.05,94.74323308270677
2024-11-24,Fighter_A,Fighter_B,0.8689139975990399,0.6111886672412382,fighter_a,1.6361559917558102,500.0,318.0779958779051,win,-0.03937855914710517,0.3937516869990687,0.05,86.89139975990399
2024-11-25,Fighter_A,Fighter_B,0.9511732971669681,0.6427857867363311,fighter_b,1.5557282389167033,500.0,277.86411945835164,win,-0.04719221689665933,0.4264054502964594,0.05,95.11732971669682
2024-11-26,Fighter_A,Fighter_B,0.6017323873732745,0.4356589133319628,fighter_a,2.2953736728393785,500.0,647.6868364196893,win,0.035709877748525756,0.340345546371297,0.05,60.17323873732745
2024-11-27,Fighter_A,Fighter_B,0.9656335613109068,0.3494738718733389,fighter_a,2.861444246574272,500.0,930.7221232871361,win,-0.028079942783045805,1.6678959350797529,0.05,96.56335613109069
2024-11-28,Fighter_A,Fighter_B,0.9945439782439782,0.28176363789438763,fighter_a,3.5490739950441235,500.0,1274.5369975220617,win,-0.007513938724138837,2.394555849256476,0.05,99.45439782439783
2024-11-29,Fighter_A,Fighter_B,0.9506425017390598,0.4183684183197257,fighter_b,2.3902377813704367,500.0,695.1188906852184,win,-0.020577530478296517,1.220917965417673,0.05,95.06425017390598
2024-11-30,Fighter_A,Fighter_B,0.917439543910265,0.6110810359941372,fighter_b,1.6364441720452836,500.0,318.2220860226418,win,0.0026952844861809293,0.45005497557173646,0.05,91.7439543910265
2024-12-01,Fighter_A,Fighter_B,0.5823704892057833,0.5195075562191828,fighter_b,1.9248998171993772,500.0,462.44990859968857,win,0.03731517122280477,0.08887215482261435,0.02616604435730784,58.23704892057833
2024-12-02,Fighter_A,Fighter_B,0.834979731596208,0.37385665357036213,fighter_b,2.674821995141498,500.0,837.4109975707491,win,-0.004779139315026546,1.1889209169271666,0.05,83.4979731596208
2024-12-03,Fighter_A,Fighter_B,0.9586387862530467,0.38466242971412956,fighter_a,2.599682014027656,500.0,799.841007013828,win,0.017439309440386342,1.4112456064014682,0.05,95.86387862530466
2024-12-04,Fighter_A,Fighter_B,0.963200156650025,0.5576179182186496,fighter_b,1.793342658705394,500.0,396.671329352697,win,-0.006843807913740481,0.6738851131997028,0.05,96.3200156650025
2024-12-05,Fighter_A,Fighter_B,0.6436161880924121,0.38377845532378074,fighter_b,2.6056699799792935,500.0,802.8349899896467,win,0.021002766289549703,0.6426375449461388,0.05,64.36161880924121
2024-12-06,Fighter_A,Fighter_B,0.9435364485666297,0.7353252166227204,fighter_a,1.3599424817673273,500.0,179.97124088366368,win,-0.014853886825502935,0.2669654853627892,0.05,94.35364485666297
2024-12-07,Fighter_A,Fighter_B,0.9443999579090444,0.6065219167582752,fighter_a,1.6487450368566692,500.0,324.3725184283346,win,-0.0032458094093712067,0.5260765885383651,0.05,94.43999579090445
2024-12-08,Fighter_A,Fighter_B,0.951678013499161,0.42524402490054813,fighter_a,2.3515909488296045,500.0,675.7954744148022,win,0.014981869655400389,1.1704405654255354,0.05,95.1678013499161
2024-12-09,Fighter_A,Fighter_B,0.9620266994893704,0.5342770527898965,fighter_a,1.8716880966123925,500.0,435.84404830619627,win,0.038155444062190166,0.7574040951643264,0.05,96.20266994893703
2024-12-10,Fighter_A,Fighter_B,0.9700885775869549,0.29922745209095164,fighter_a,3.3419393608847265,500.0,1170.9696804423634,win,-0.028660919751180094,2.1210450677175015,0.05,97.00885775869548
2024-12-11,Fighter_A,Fighter_B,0.8791855946522658,0.6974221339423671,fighter_b,1.4338518256471584,500.0,216.9259128235792,win,-0.045905916291765395,0.21103018760390535,0.05,87.91855946522658
2024-12-12,Fighter_A,Fighter_B,0.9441719324643228,0.2546346827548966,fighter_a,3.927194792087961,500.0,1463.5973960439806,win,0.026017259314212164,2.56027406834776,0.05,94.41719324643228
2024-12-13,Fighter_A,Fighter_B,0.9110418687712335,0.5467341923104072,fighter_a,1.8290423647626048,500.0,414.5211823813024,win,0.01656390259782019,0.6275216625535895,0.05,91.10418687712334
2024-12-14,Fighter_A,Fighter_B,0.8586159187223549,0.6488101927238583,fighter_b,1.5412828146268231,500.0,270.64140731341155,win,0.01562884764603768,0.2751697214599036,0.05,85.8615918722355
2024-12-15,Fighter_A,Fighter_B,0.9343383811386006,0.5105817916101707,fighter_b,1.9585500627556656,500.0,479.27503137783276,win,-0.04458873818200478,0.7784745292259525,0.05,93.43383811386005
2024-12-16,Fighter_A,Fighter_B,0.9630338507975873,0.4412850656805602,fighter_b,2.266108866516424,500.0,633.0544332582119,win,-0.046879900739430255,1.1300270396768242,0.05,96.30338507975873
2024-12-17,Fighter_A,Fighter_B,0.9546264578558696,0.6627365248852948,fighter_b,1.508895258448413,500.0,254.4476292242065,win,-0.01458367117716558,0.3867638519753902,0.05,95.46264578558697
2024-12-18,Fighter_A,Fighter_B,0.9195177023866759,0.5725516597556372,fighter_b,1.7465672886649148,500.0,373.2836443324574,win,-0.023317801967143944,0.5548535396982914,0.05,91.95177023866758
2024-12-19,Fighter_A,Fighter_B,0.9051713794033465,0.3371423257335361,fighter_a,2.9661063701339008,500.0,983.0531850669504,win,0.021938909453913715,1.5904469679561601,0.05,90.51713794033465
2024-12-20,Fighter_A,Fighter_B,0.917244475803799,0.7089674246522645,fighter_b,1.4105020417411727,500.0,205.25102087058633,win,-0.048752318319578124,0.24198308172452365,0.05,91.72444758037989
2024-12-21,Fighter_A,Fighter_B,0.9052861702141739,0.3858233960147776,fighter_b,2.59185941114286,500.0,795.9297055714301,win,0.04598529367546261,1.2979379476288373,0.05,90.52861702141739
2024-12-22,Fighter_A,Fighter_B,0.9508178537201365,0.3402727165056184,fighter_b,2.938819222032715,500.0,969.4096110163575,win,0.029899638530696767,1.7442359264355662,0.05,95.08178537201366
2024-12-23,Fighter_A,Fighter_B,0.7589407754637665,0.6513623610230681,fighter_a,1.5352437596015542,500.0,267.6218798007771,win,-0.03239767622025238,0.14492050394800038,0.05,75.89407754637665
2024-12-24,Fighter_A,Fighter_B,0.8304687797864428,0.2585297125345392,fighter_a,3.868027354366092,500.0,1434.013677183046,win,0.010228758157277754,2.0850517932862433,0.05,83.04687797864429
2024-12-25,Fighter_A,Fighter_B,0.9902612287876067,0.5298115019326671,fighter_b,1.8874637420142086,500.0,443.7318710071043,win,-0.035321396491075394,0.8143509071840662,0.05,99.02612287876067
2024-12-26,Fighter_A,Fighter_B,0.7849710862253774,0.6984326511374396,fighter_b,1.431777277839803,500.0,215.8886389199015,win,-0.006783900447221311,0.07962230126128822,0.05,78.49710862253774
2024-12-27,Fighter_A,Fighter_B,0.9955653899497049,0.7036985831157745,fighter_b,1.4210629721212287,500.0,210.53148606061433,win,-0.013588174042879066,0.3585729557839272,0.05,99.55653899497048
2024-12-28,Fighter_A,Fighter_B,0.8206118421052632,0.33563685309092234,fighter_b,2.979410606406517,500.0,989.7053032032586,win,-0.0033264364136732423,1.4018305838207628,0.05,82.0611842105263
2024-12-29,Fighter_A,Fighter_B,0.9707934157917705,0.6161930886713631,fighter_b,1.622867926279735,500.0,311.4339631398675,win,0.02478821025259492,0.5211704376911015,0.05,97.07934157917704
2024-12-30,Fighter_A,Fighter_B,0.8988463184554745,0.2978146187647921,fighter_a,3.3577935299065342,500.0,1178.8967649532672,win,-0.032202043366945855,1.9053164086155583,0.05,89.88463184554745
2024-12-31,Fighter_A,Fighter_B,0.9428829701717272,0.24397367299441927,fighter_b,4.098802906586049,500.0,1549.4014532930246,win,-0.028292257829004637,2.817804424005598,0.05,94.28829701717272
